"id","source","agency","title","opportunity_number","posted_date","close_date","deadline","url","final_score","keyword_score","semantic_score","matched_topics","high_priority","rationale","summary","eligibility","cost_share","contact","raw_tags"
"eu-HORIZON-JU-IHI-2025-11-01-two-stage","EU Portal","IHI","Innovative Health Initiative JU Call 11","HORIZON-JU-IHI-2025-11-two-stage","","","","https://ec.europa.eu/info/funding-tenders/opportunities/portal/screen/opportunities/topic-details/HORIZON-JU-IHI-2025-11-01-two-stage.json","6.71","11.18","0.0","Diagnostics, Neuroscience, Precision Medicine, EU Programmes","False","","Towards precision medicine: platform for transdiagnostic stratification of brain dysfunction","See call details","","",""
"eu-50140616","EU Portal","Horizon Europe","Supporting the implementation of the Cancer Mission","HORIZON-MISS-2027-02","","2027-09-21","2027-09-21","https://ec.europa.eu/info/funding-tenders/opportunities/portal/screen/opportunities/topic-details/HORIZON-MISS-2027-02-CANCER-03","5.92","9.87","0.0","Therapeutics, Diagnostics, Cancer/Oncology","False","","Phase 1 including first-in-human clinical trials to test biomarker-guided medicines or multi-modal treatment interventions for patients with rare or very rare cancers or cancer subtypes","See call details","{'budgetYearsColumns': ['2027'], 'budgetTopicActionMap': {'113121': [{'action': 'HORIZON-MISS-2027-02-CANCER-03 - HORIZON-RIA HORIZON  Research and Innovation Actions', 'expectedGrants': 3, 'minContri","","HORIZON-MISS-2027-02-CANCER-03"
"eu-HORIZON-MISS-2023-CANCER-01-03","EU Portal","Horizon Europe","Research and Innovation actions supporting the implementation of the Mission on Cancer","HORIZON-MISS-2023-CANCER-01","","","","https://ec.europa.eu/info/funding-tenders/opportunities/data/topicDetails/HORIZON-MISS-2023-CANCER-01-03.json","5.92","9.87","0.0","Therapeutics, Diagnostics, Cancer/Oncology","False","","Pragmatic clinical trials on minimally invasive diagnostics","See call details","","",""
"eu-43108390101204115","EU Portal","MSCA","The gut-brain axis: Interactions between the gut microbiome and host behaviour and stress in the wild","HORIZON-MSCA-2024-PF-01","","","","https://ec.europa.eu/info/funding-tenders/opportunities/portal/screen/opportunities/projects-details/43108390/101204115/HORIZON","5.53","9.21","0.0","Microbiome, Neuroscience","False","","The gut-brain axis: Interactions between the gut microbiome and host behaviour and stress in the wild","See call details","","",""
"eu-50146228","EU Portal","Horizon Europe","Call 01 - single stage (2026)","HORIZON-CL6-2026-01","","2026-09-17","2026-09-17","https://ec.europa.eu/info/funding-tenders/opportunities/portal/screen/opportunities/topic-details/HORIZON-CL6-2026-01-CIRCBIO-07","4.34","7.24","0.0","Biomanufacturing, Cancer/Oncology","False","","Advancing the European bio-based innovation enabled by biotechnology and biomanufacturing concepts","See call details","{'budgetYearsColumns': ['2026'], 'budgetTopicActionMap': {'113249': [{'action': 'HORIZON-CL6-2026-01-CIRCBIO-07 - HORIZON-RIA HORIZON  Research and Innovation Actions', 'expectedGrants': 3, 'minContri","","HORIZON-CL6-2026-01-CIRCBIO-07"
"eu-EU4H-2024-PJ-02-3","EU Portal","EU4Health","EU4H Action Grants 2024","EU4H-2024-PJ-02","","","","https://ec.europa.eu/info/funding-tenders/opportunities/data/topicDetails/EU4H-2024-PJ-02-3.json","3.95","6.58","0.0","Cancer/Oncology, Rehabilitation, EU Programmes","False","","Call for proposals on the development of social services for psychosocial support and rehabilitation for children and their families in paediatric oncology clinics in Member States and countries associated to the EU4Health Programme - CR-g-24-43","See call details","","",""
"eu-43108390101062662","EU Portal","MSCA","Animal Cognition in Urban Environments: The effect of diet and the gut microbiome","HORIZON-MSCA-2021-PF-01","","","","https://ec.europa.eu/info/funding-tenders/opportunities/portal/screen/opportunities/projects-details/43108390/101062662/HORIZON","3.95","6.58","0.0","Microbiome","False","","Animal Cognition in Urban Environments: The effect of diet and the gut microbiome","See call details","","",""
"eu-50136121","EU Portal","Horizon Europe","Supporting the implementation of the Cancer Mission","HORIZON-MISS-2026-02","","2026-09-15","2026-09-15","https://ec.europa.eu/info/funding-tenders/opportunities/portal/screen/opportunities/topic-details/HORIZON-MISS-2026-02-CANCER-03","3.95","6.58","0.0","Therapeutics, Cancer/Oncology","False","","Pragmatic clinical trials to optimise immunotherapeutic interventions for patients with refractory cancers","See call details","{'budgetYearsColumns': ['2026'], 'budgetTopicActionMap': {'113063': [{'action': 'HORIZON-MISS-2026-02-CANCER-04 - HORIZON-RIA HORIZON  Research and Innovation Actions', 'expectedGrants': 3, 'minContri","","HORIZON-MISS-2026-02-CANCER-03"
"eu-399e3dae-d6dc-428e-9854-a84e40097783-PIN","EU Portal","EU Programme","Horizon Scanning System for Medical Devices &amp; In Vitro Diagnostic Medical Devices","HADEA/2024/OP/0024-PIN","","","","https://ec.europa.eu/info/funding-tenders/opportunities/portal/screen/opportunities/tender-details/399e3dae-d6dc-428e-9854-a84e40097783-PIN","3.95","6.58","0.0","Diagnostics, Medical Devices","False","","Horizon Scanning System for Medical Devices &amp; In Vitro Diagnostic Medical Devices","See call details","","",""
"eu-74ffa4e2-4bda-4465-bbfd-91bb8fe9f82c-CN","EU Portal","EU Programme","Call for expression of interest for medical device and in-vitro diagnostics medical devices experts (EXPAMED) and patient, consumer and healthcare professional experts (P&amp;HCP)","EMA/2024/CEI/0011","","","","https://ec.europa.eu/info/funding-tenders/opportunities/portal/screen/opportunities/tender-details/74ffa4e2-4bda-4465-bbfd-91bb8fe9f82c-CN","3.95","6.58","0.0","Diagnostics, Medical Devices","False","","Call for expression of interest for medical device and in-vitro diagnostics medical devices experts (EXPAMED) and patient, consumer and healthcare professional experts (P&amp;HCP)","See call details","","",""
"eu-2e5c607e-6e55-4268-b99a-730c5db350b7-PIN","EU Portal","EU Programme","Development of a rapid point-of-care antimicrobial susceptibility testing diagnostic medical device","HADEA/2025/CPN/0006-PIN","","","","https://ec.europa.eu/info/funding-tenders/opportunities/portal/screen/opportunities/tender-details/2e5c607e-6e55-4268-b99a-730c5db350b7-PIN","3.95","6.58","0.0","Diagnostics, Medical Devices","False","","Development of a rapid point-of-care antimicrobial susceptibility testing diagnostic medical device","See call details","","",""
"eu-HORIZON-HLTH-2024-IND-06-08","EU Portal","Horizon Europe - Health","A competitive health-related industry (Single stage - 2024)","HORIZON-HLTH-2024-IND-06","","","","https://ec.europa.eu/info/funding-tenders/opportunities/data/topicDetails/HORIZON-HLTH-2024-IND-06-08.json","3.95","6.58","0.0","Diagnostics, Medical Devices","False","","Developing EU methodological frameworks for clinical/performance evaluation and post-market clinical/performance follow-up of medical devices and in vitro diagnostic medical devices (IVDs)","See call details","","",""
"eu-HORIZON-MISS-2022-CANCER-01-03","EU Portal","Horizon Europe","Research and Innovation actions supporting the implementation of the Mission on Cancer","HORIZON-MISS-2022-CANCER-01","","","","https://ec.europa.eu/info/funding-tenders/opportunities/data/topicDetails/HORIZON-MISS-2022-CANCER-01-03.json","3.95","6.58","0.0","Therapeutics, Cancer/Oncology","False","","Pragmatic clinical trials to optimise treatments for patients with refractory cancers","See call details","","",""
"eu-HORIZON-EIC-2025-PATHFINDERCHALLENGES-01-01","EU Portal","EIC","EIC Pathfinder Challenges 2025","HORIZON-EIC-2025-PATHFINDERCHALLENGES-01","","","","https://ec.europa.eu/info/funding-tenders/opportunities/data/topicDetails/HORIZON-EIC-2025-PATHFINDERCHALLENGES-01-01.json","3.95","6.58","0.0","Biomanufacturing, EU Programmes","False","","Biotech for Climate Resilient Crops and Plant-Based Biomanufacturing","See call details","","",""
"eu-HORIZON-HLTH-2023-IND-06-02","EU Portal","Horizon Europe - Health","A competitive health-related industry (Single stage - 2023)","HORIZON-HLTH-2023-IND-06","","","","https://ec.europa.eu/info/funding-tenders/opportunities/data/topicDetails/HORIZON-HLTH-2023-IND-06-02.json","3.16","5.26","0.0","Digital Health/AI, EU Programmes","False","","Expanding the European Electronic Health Record exchange Format to improve interoperability within the European Health Data Space","See call details","","",""
"eu-HORIZON-HLTH-2024-DISEASE-17-01","EU Portal","Horizon Europe - Health","Tackling diseases (Single stage - 2024)","HORIZON-HLTH-2024-DISEASE-17","","","","https://ec.europa.eu/info/funding-tenders/opportunities/data/topicDetails/HORIZON-HLTH-2024-DISEASE-17-01.json","3.16","5.26","0.0","Cancer/Oncology, Infectious Disease","False","","Pandemic preparedness and response: Maintaining and enhancing the preparatory work for a co-funded European partnership for pandemic preparedness","See call details","","",""
"eu-HORIZON-JU-IHI-2022-03-05","EU Portal","IHI","HORIZON-JU-IHI-2022-03-single-stage","HORIZON-JU-IHI-2022-03-single-stage","","","","https://ec.europa.eu/info/funding-tenders/opportunities/data/topicDetails/HORIZON-JU-IHI-2022-03-05.json","3.16","5.26","0.0","Digital Health/AI, EU Programmes","False","","Digital health technologies for the prevention and personalised management of mental disorders and their long-term health consequences","See call details","","",""
"eu-HORIZON-JU-IHI-2024-07-03-singe-stage","EU Portal","IHI","Innovative Health Initiative JU Call 7","HORIZON-JU-IHI-2024-07-single-stage","","","","https://ec.europa.eu/info/funding-tenders/opportunities/data/topicDetails/HORIZON-JU-IHI-2024-07-03-singe-stage.json","3.16","5.26","0.0","Diagnostics, EU Programmes","False","","Clinical validation of biomarkers for diagnosis, monitoring disease progression and treatment response","See call details","","",""
"eu-EU4H-2022-PJ-09","EU Portal","EU4Health","Call for proposals on promoting mental health: implementing  best practices to improve mental health and psycological wellbeing in migrant and refugee populations","EU4H-2022-PJ2","","","","https://ec.europa.eu/info/funding-tenders/opportunities/data/topicDetails/EU4H-2022-PJ-09.json","3.16","5.26","0.0","Mental Health, Aging","False","","Calls for proposals on promoting mental health: Mental health support for Ukrainian displaced people","See call details","","",""
"eu-HORIZON-JU-IHI-2022-01-01","EU Portal","IHI","HORIZON-JU-IHI-2022-01-single-stage","HORIZON-JU-IHI-2022-01-single-stage","","","","https://ec.europa.eu/info/funding-tenders/opportunities/data/topicDetails/HORIZON-JU-IHI-2022-01-01.json","2.77","4.61","0.0","Neuroscience, EU Programmes","False","","An innovative decision-support system for improved care pathways for patients with neurodegenerative diseases and comorbidities","See call details","","",""
"eu-HORIZON-JU-IHI-2022-02-01","EU Portal","IHI","HORIZON-JU-IHI-2022-02-two-stage","HORIZON-JU-IHI-2022-02-two-stage","","","","https://ec.europa.eu/info/funding-tenders/opportunities/data/topicDetails/HORIZON-JU-IHI-2022-02-01.json","2.77","4.61","0.0","Cardiovascular, EU Programmes","False","","Cardiovascular diseases - improved prediction, prevention, diagnosis, and monitoring","See call details","","",""
"eu-HORIZON-CL6-2025-02-FARM2FORK-12","EU Portal","Horizon Europe","Cluster 6 Call 02 - single stage","HORIZON-CL6-2025-02","","","","https://ec.europa.eu/info/funding-tenders/opportunities/portal/screen/opportunities/topic-details/HORIZON-CL6-2025-02-FARM2FORK-12.json","2.77","4.61","0.0","Mental Health, Nutrition","False","","Nutrition and Mental Health","See call details","","",""
"eu-HORIZON-JU-CBE-2025-RIA-03","EU Portal","Horizon Europe","Circular Bio-based Europe Joint Undertaking","HORIZON-JU-CBE-2025","","","","https://ec.europa.eu/info/funding-tenders/opportunities/portal/screen/opportunities/topic-details/HORIZON-JU-CBE-2025-RIA-03.json","2.77","4.61","0.0","Biomanufacturing","False","","Alternative biomanufacturing routes for natural and synthetic rubber","See call details","","",""
"eu-HORIZON-CL6-2025-01-CIRCBIO-10","EU Portal","Horizon Europe","Cluster 6 Call 01 - single stage","HORIZON-CL6-2025-01","","","","https://ec.europa.eu/info/funding-tenders/opportunities/portal/screen/opportunities/topic-details/HORIZON-CL6-2025-01-CIRCBIO-10.json","2.77","4.61","0.0","Biomanufacturing","False","","Support to the EU Biotechnology and Biomanufacturing Initiative: scoping action","See call details","","",""
"eu-43108390101159993","EU Portal","Horizon Europe","Digitalisation of Biomanufacturing of Plasmids for the Development of Advanced Therapy Modalities","HORIZON-WIDERA-2023-ACCESS-02","","","","https://ec.europa.eu/info/funding-tenders/opportunities/portal/screen/opportunities/projects-details/43108390/101159993/HORIZON","2.77","4.61","0.0","Biomanufacturing","False","","Digitalisation of Biomanufacturing of Plasmids for the Development of Advanced Therapy Modalities","See call details","","",""
"eu-101223091","EU Portal","EIC","Clever Combination of Synthetic Compartmentalization, Carbon Fixation and Compound Biomanufacturing","HORIZON-EIC-2024-PATHFINDERCHALLENGES-01-01","","","","https://ec.europa.eu/info/funding-tenders/opportunities/horizon/hop-on/101223091","2.77","4.61","0.0","Biomanufacturing","False","","Clever Combination of Synthetic Compartmentalization, Carbon Fixation and Compound Biomanufacturing","See call details","","","C5"
"eu-HORIZON-JU-IHI-2025-10-03-two-stage","EU Portal","IHI","Innovative Health Initiative JU Call 10","HORIZON-JU-IHI-2025-10-two-stage","","","","https://ec.europa.eu/info/funding-tenders/opportunities/portal/screen/opportunities/topic-details/HORIZON-JU-IHI-2025-10-03-two-stage.json","2.37","3.95","0.0","Environmental Health, EU Programmes","False","","Per- and Poly-fluoroalkyl substance (PFAS) exposure, emissions, and end of life management in the healthcare sector","See call details","","",""
"eu-SC1-BHC-37-2020","EU Portal","EU Programme","Better Health and care, economic growth and sustainable health systems","H2020-SC1-BHC-2018-2020","","","","https://ec.europa.eu/info/funding-tenders/opportunities/data/topicDetails/SC1-BHC-37-2020.json","2.37","3.95","0.0","Therapeutics","False","","Towards the new generation of clinical trials – trials methodology research","See call details","","",""
"eu-HORIZON-JU-GH-EDCTP3-2022-CALL1-01-05","EU Portal","Horizon Europe","Research and Innovation actions supporting the global health EDCTP3 Joint Undertaking","HORIZON-JU-GH-EDCTP3-2022-01","","","","https://ec.europa.eu/info/funding-tenders/opportunities/data/topicDetails/HORIZON-JU-GH-EDCTP3-2022-CALL1-01-05.json","2.37","3.95","0.0","Therapeutics","False","","Strengthening regulatory capacity for supporting conduct of clinical trials","See call details","","",""
"eu-31045243777389","EU Portal","EU Programme","conect4children (COllaborative Network for European Clinical Trials For Children)","H2020-JTI-IMI2-2016-10-two-stage","","","","https://ec.europa.eu/info/funding-tenders/opportunities/portal/screen/opportunities/projects-details/31045243/777389/H2020","2.37","3.95","0.0","Therapeutics","False","","conect4children (COllaborative Network for European Clinical Trials For Children)","See call details","","",""
"eu-50161257","EU Portal","Horizon Europe - Health","Cluster 1 - Health (Single stage - 2027/2)","HORIZON-HLTH-2027-03","","2027-09-22","2027-09-22","https://ec.europa.eu/info/funding-tenders/opportunities/portal/screen/opportunities/topic-details/HORIZON-HLTH-2027-03-TOOL-04","1.97","3.29","0.0","Digital Health/AI","False","","Virtual Human Twins (VHTs) for integrated clinical decision support in prevention and diagnosis","See call details","{'budgetYearsColumns': ['2027'], 'budgetTopicActionMap': {'113287': [{'action': 'HORIZON-HLTH-2027-03-TOOL-02 - HORIZON-RIA HORIZON  Research and Innovation Actions', 'expectedGrants': 4, 'minContribu","","HORIZON-HLTH-2027-03-TOOL-04"
"eu-HORIZON-HLTH-2023-TOOL-05-05","EU Portal","Horizon Europe - Health","Tools and technologies for a healthy society (Single stage - 2023)","HORIZON-HLTH-2023-TOOL-05","","","","https://ec.europa.eu/info/funding-tenders/opportunities/data/topicDetails/HORIZON-HLTH-2023-TOOL-05-05.json","1.97","3.29","0.0","Diagnostics","False","","Harnessing the potential of real-time data analysis and secure Point-of-Care computing for the benefit of person-centred health and care delivery","See call details","","",""
"eu-HORIZON-HLTH-2021-IND-07-03","EU Portal","Horizon Europe - Health","A competitive health-related industry (2021)","HORIZON-HLTH-2021-IND-07","","","","https://ec.europa.eu/info/funding-tenders/opportunities/data/topicDetails/HORIZON-HLTH-2021-IND-07-03.json","1.97","3.29","0.0","Digital Health/AI","False","","Promoting a trusted mHealth label in Europe: uptake of technical specifications for quality and reliability of health and wellness apps","See call details","","",""
"eu-HORIZON-HLTH-2021-TOOL-06-03","EU Portal","Horizon Europe - Health","Tools and technologies for a healthy society (2021)","HORIZON-HLTH-2021-TOOL-06","","","","https://ec.europa.eu/info/funding-tenders/opportunities/data/topicDetails/HORIZON-HLTH-2021-TOOL-06-03.json","1.97","3.29","0.0","Digital Health/AI","False","","Innovative tools for use and re-use of health data (in particular of electronic health records and/or patient registries)","See call details","","",""
"eu-HORIZON-HLTH-2022-STAYHLTH-01-04-two-stage","EU Portal","Horizon Europe - Health","Staying healthy (Two stage - 2022)","HORIZON-HLTH-2022-STAYHLTH-01-two-stage","","","","https://ec.europa.eu/info/funding-tenders/opportunities/portal/screen/opportunities/topic-details/HORIZON-HLTH-2022-STAYHLTH-01-04-two-stage.json","1.97","3.29","0.0","Digital Health/AI","False","","Trustworthy artificial intelligence (AI) tools to predict the risk of chronic non-communicable diseases and/or their progression","See call details","","",""
"eu-50140498","EU Portal","Horizon Europe - Health","Cluster 1 - Health (Two stage - 2027)","HORIZON-HLTH-2027-02-two-stage","","2027-04-13","2027-04-13","https://ec.europa.eu/info/funding-tenders/opportunities/portal/screen/opportunities/topic-details/HORIZON-HLTH-2027-02-TOOL-01-two-stage","1.97","3.29","0.0","Diagnostics","False","","Development of predictive biomarkers of disease progression and treatment response by using AI methodologies for chronic non-communicable diseases","See call details","{'budgetYearsColumns': ['2027'], 'budgetTopicActionMap': {'113117': [{'action': 'HORIZON-HLTH-2027-02-DISEASE-14-two-stage - HORIZON-RIA HORIZON  Research and Innovation Actions', 'expectedGrants': 4,","","HORIZON-HLTH-2027-02-TOOL-01-two-stage"
"eu-31045243860462","EU Portal","MSCA","Precision medicine for muscoloskeletal regeneration, prosthetics and active ageing","H2020-MSCA-ITN-2019","","","","https://ec.europa.eu/info/funding-tenders/opportunities/portal/screen/opportunities/projects-details/31045243/860462/H2020","1.97","3.29","0.0","Precision Medicine","False","","Precision medicine for muscoloskeletal regeneration, prosthetics and active ageing","See call details","","",""
"eu-50871369","EU Portal","Digital Europe","AI Continent","DIGITAL-2026-AI-PILOTING-10","","2026-10-01","2026-10-01","https://ec.europa.eu/info/funding-tenders/opportunities/portal/screen/opportunities/topic-details/DIGITAL-2026-AI-PILOTING-10-SCREENING","1.97","3.29","0.0","Diagnostics","False","","Apply AI: Piloting AI-based image screening in medical centres","See call details","{'budgetYearsColumns': ['2027'], 'budgetTopicActionMap': {'113940': [{'action': 'DIGITAL-2026-AI-PILOTING-10-SCREENING - DIGITAL-SIMPLE DIGITAL Simple Grants', 'expectedGrants': 2, 'minContribution': ","","DIGITAL-2026-AI-PILOTING-10-SCREENING"
"eu-DT-TDS-04-2020","EU Portal","Digital Europe","Trusted digital solutions and Cybersecurity in Health and Care","H2020-SC1-FA-DTS-2018-2020","","","","https://ec.europa.eu/info/funding-tenders/opportunities/data/topicDetails/DT-TDS-04-2020.json","1.97","3.29","0.0","Precision Medicine","False","","AI for Genomics and Personalised Medicine","See call details","","",""
"eu-4bdf9e8e-884e-4a5a-ac75-db17bcc84f0b-PIN","EU Portal","EU Programme","Evaluation of microbiome-relevant biomarkers and in vitro models for xenobiotic risk assessment","EFSA/2026/OP/0008-PIN","","","","https://ec.europa.eu/info/funding-tenders/opportunities/portal/screen/opportunities/tender-details/4bdf9e8e-884e-4a5a-ac75-db17bcc84f0b-PIN","1.97","3.29","0.0","Diagnostics","False","","Evaluation of microbiome-relevant biomarkers and in vitro models for xenobiotic risk assessment","See call details","","",""
"eu-5162fe38-7d23-421a-8148-08c863d75bb8-PIN","EU Portal","EU Programme","Support centre for the European electronic health record exchange Format (EEHRxF) and for the interoperability and security of electronic health record systems","HADEA/2024/OP/0014-PIN","","","","https://ec.europa.eu/info/funding-tenders/opportunities/portal/screen/opportunities/tender-details/5162fe38-7d23-421a-8148-08c863d75bb8-PIN","1.97","3.29","0.0","Digital Health/AI","False","","Support centre for the European electronic health record exchange Format (EEHRxF) and for the interoperability and security of electronic health record systems","See call details","","",""
"eu-HORIZON-HLTH-2023-DISEASE-03-05","EU Portal","Horizon Europe - Health","Tackling diseases (Single stage - 2023)","HORIZON-HLTH-2023-DISEASE-03","","","","https://ec.europa.eu/info/funding-tenders/opportunities/portal/screen/opportunities/topic-details/HORIZON-HLTH-2023-DISEASE-03-05.json","1.58","2.63","0.0","Infectious Disease","False","","Pandemic preparedness and response: Sustaining established coordination mechanisms for European adaptive platform trials and/or for cohort networks","See call details","","",""
"eu-HORIZON-HLTH-2021-DISEASE-04-07","EU Portal","Horizon Europe - Health","Tackling diseases (2021)","HORIZON-HLTH-2021-DISEASE-04","","","","https://ec.europa.eu/info/funding-tenders/opportunities/portal/screen/opportunities/topic-details/HORIZON-HLTH-2021-DISEASE-04-07.json","1.58","2.63","0.0","Infectious Disease","False","","Personalised medicine and infectious diseases: understanding the individual host response to viruses (e.g. SARS-CoV-2)","See call details","","",""
"eu-HORIZON-HLTH-2023-ENVHLTH-02-02","EU Portal","Horizon Europe - Health","Environment and health (Single stage - 2023)","HORIZON-HLTH-2023-ENVHLTH-02","","","","https://ec.europa.eu/info/funding-tenders/opportunities/portal/screen/opportunities/topic-details/HORIZON-HLTH-2023-ENVHLTH-02-02.json","1.58","2.63","0.0","Infectious Disease","False","","Evidence-based interventions for promotion of mental and physical health in changing working environments (post-pandemic workplaces)","See call details","","",""
"eu-HORIZON-HLTH-2021-STAYHLTH-01-02","EU Portal","Horizon Europe - Health","Staying Healthy (2021)","HORIZON-HLTH-2021-STAYHLTH-01","","","","https://ec.europa.eu/info/funding-tenders/opportunities/portal/screen/opportunities/topic-details/HORIZON-HLTH-2021-STAYHLTH-01-02.json","1.58","2.63","0.0","Mental Health","False","","Towards a molecular and neurobiological understanding of mental health and mental illness for the benefit of citizens and patients","See call details","","",""
"eu-HORIZON-HLTH-2023-CARE-04-01","EU Portal","Horizon Europe - Health","Ensuring access to innovative, sustainable and high-quality health care (Single stage - 2023)","HORIZON-HLTH-2023-CARE-04","","","","https://ec.europa.eu/info/funding-tenders/opportunities/data/topicDetails/HORIZON-HLTH-2023-CARE-04-01.json","1.58","2.63","0.0","Cancer/Oncology","False","","Maintaining access to regular health and care services in case of cross-border emergencies","See call details","","",""
"eu-HORIZON-HLTH-2022-DISEASE-07-01","EU Portal","Horizon Europe - Health","Tackling diseases (Single Stage - 2022)","HORIZON-HLTH-2022-DISEASE-07","","","","https://ec.europa.eu/info/funding-tenders/opportunities/portal/screen/opportunities/topic-details/HORIZON-HLTH-2022-DISEASE-07-01.json","1.58","2.63","0.0","Infectious Disease","False","","Support for the functioning of the Global Research Collaboration for Infectious Disease Preparedness (GloPID-R)","See call details","","",""
"eu-HORIZON-HLTH-2021-CARE-05-02","EU Portal","Horizon Europe - Health","Ensuring access to innovative, sustainable and high-quality health care (2021)","HORIZON-HLTH-2021-CARE-05","","","","https://ec.europa.eu/info/funding-tenders/opportunities/portal/screen/opportunities/topic-details/HORIZON-HLTH-2021-CARE-05-02.json","1.58","2.63","0.0","Cancer/Oncology","False","","Data-driven decision-support tools for better health care delivery and policy-making with a focus on cancer","See call details","","",""
"eu-HORIZON-HLTH-2024-DISEASE-08-20","EU Portal","Horizon Europe - Health","Tackling diseases (Single stage - 2024)","HORIZON-HLTH-2024-DISEASE-08","","","","https://ec.europa.eu/info/funding-tenders/opportunities/data/topicDetails/HORIZON-HLTH-2024-DISEASE-08-20.json","1.58","2.63","0.0","Infectious Disease","False","","Pandemic preparedness and response: Host-pathogen interactions of infectious diseases with epidemic potential","See call details","","",""
"eu-HORIZON-HLTH-2024-DISEASE-12-01","EU Portal","Horizon Europe - Health","Partnerships in Health (2024)","HORIZON-HLTH-2024-DISEASE-12","","","","https://ec.europa.eu/info/funding-tenders/opportunities/data/topicDetails/HORIZON-HLTH-2024-DISEASE-12-01.json","1.58","2.63","0.0","Infectious Disease","False","","European partnership for pandemic preparedness","See call details","","",""
"eu-HORIZON-HLTH-2023-DISEASE-07-01","EU Portal","Horizon Europe - Health","Partnerships in Health (2023)","HORIZON-HLTH-2023-DISEASE-07","","","","https://ec.europa.eu/info/funding-tenders/opportunities/portal/screen/opportunities/topic-details/HORIZON-HLTH-2023-DISEASE-07-01.json","1.58","2.63","0.0","Rare Diseases","False","","European Partnership on Rare Diseases","See call details","","",""
"eu-50136868","EU Portal","Horizon Europe - Health","Partnerships in Health (2026/2)","HORIZON-HLTH-2026-03","","2027-04-13","2027-04-13","https://ec.europa.eu/info/funding-tenders/opportunities/portal/screen/opportunities/topic-details/HORIZON-HLTH-2026-03-DISEASE-13","1.58","2.63","0.0","Infectious Disease","False","","European Partnership for Pandemic Preparedness (Phase 2)","See call details","{'budgetYearsColumns': ['2027', '2026'], 'budgetTopicActionMap': {'113105': [{'action': 'HORIZON-HLTH-2026-03-DISEASE-13 - HORIZON-COFUND HORIZON Programme Cofund Actions', 'expectedGrants': 1, 'minCo","","HORIZON-HLTH-2026-03-DISEASE-13"
"eu-HORIZON-HLTH-2026-02-DISEASE-12","EU Portal","Horizon Europe - Health","Partnerships in Health (2026/1)","HORIZON-HLTH-2026-02","","","","https://ec.europa.eu/info/funding-tenders/opportunities/portal/screen/opportunities/topic-details/HORIZON-HLTH-2026-02-DISEASE-12.json","1.58","2.63","0.0","Rare Diseases","False","","European Partnership on Rare Diseases (ERDERA) (Phase 2)","See call details","","",""
"eu-43108390101095245","EU Portal","Horizon Europe - Health","Implementing value-based oncology care at European cancer hospitals: An AI-based framework for assessing real-life effectiveness of novel cancer therapies in real-time","HORIZON-HLTH-2022-TOOL-11","","","","https://ec.europa.eu/info/funding-tenders/opportunities/portal/screen/opportunities/projects-details/43108390/101095245/HORIZON","1.58","2.63","0.0","Cancer/Oncology","False","","Implementing value-based oncology care at European cancer hospitals: An AI-based framework for assessing real-life effectiveness of novel cancer therapies in real-time","See call details","","",""
"eu-43108390101118744","EU Portal","ERC","A sonogenetic brain-machine interface for neurosciences and visual restoration","ERC-2023-SyG","","","","https://ec.europa.eu/info/funding-tenders/opportunities/portal/screen/opportunities/projects-details/43108390/101118744/HORIZON","1.58","2.63","0.0","Neuroscience","False","","A sonogenetic brain-machine interface for neurosciences and visual restoration","See call details","","",""
"eu-43108390101079001","EU Portal","Horizon Europe","BRAIN RESEARCH AND INTEGRATIVE NEUROSCIENCE NETWORK FOR COVID-19","HORIZON-WIDERA-2021-ACCESS-03","","","","https://ec.europa.eu/info/funding-tenders/opportunities/portal/screen/opportunities/projects-details/43108390/101079001/HORIZON","1.58","2.63","0.0","Neuroscience","False","","BRAIN RESEARCH AND INTEGRATIVE NEUROSCIENCE NETWORK FOR COVID-19","See call details","","",""
"eu-369ac161-6e6b-4993-bdbd-76a766fbd8c1-EXA","EU Portal","EU Programme","Work-related cardiovascular diseases (CVDs) in figures – Exploratory research","OSHA/2025/LVP/0003-EXA","","","","https://ec.europa.eu/info/funding-tenders/opportunities/portal/screen/opportunities/tender-details/369ac161-6e6b-4993-bdbd-76a766fbd8c1-EXA","1.58","2.63","0.0","Cardiovascular","False","","Work-related cardiovascular diseases (CVDs) in figures – Exploratory research","See call details","","",""
"eu-43108390101115381","EU Portal","EIC","MultiomIcs based Risk stratification of Atherosclerotic CardiovascuLar disEase","HORIZON-EIC-2022-PATHFINDERCHALLENGES-01","","","","https://ec.europa.eu/info/funding-tenders/opportunities/portal/screen/opportunities/projects-details/43108390/101115381/HORIZON","1.58","2.63","0.0","Cardiovascular","False","","MultiomIcs based Risk stratification of Atherosclerotic CardiovascuLar disEase","See call details","","",""
"eu-7607462c-8b8a-4f7f-a889-a8cc7555fea3-EXA","EU Portal","EU Programme","Overview of regulation, policies, strategies, initiatives and programmes for the prevention of work-related cardiovascular diseases (CVDs)","OSHA/2025/LVP/0002-EXA","","","","https://ec.europa.eu/info/funding-tenders/opportunities/portal/screen/opportunities/tender-details/7607462c-8b8a-4f7f-a889-a8cc7555fea3-EXA","1.58","2.63","0.0","Cardiovascular","False","","Overview of regulation, policies, strategies, initiatives and programmes for the prevention of work-related cardiovascular diseases (CVDs)","See call details","","",""
"eu-43108390190140394","EU Portal","EIC","Next-generation heart bypass grafts to naturally restore cardiovascular function.","HORIZON-EIC-2021-ACCELERATOROPEN-01","","","","https://ec.europa.eu/info/funding-tenders/opportunities/portal/screen/opportunities/projects-details/43108390/190140394/HORIZON","1.58","2.63","0.0","Cardiovascular","False","","Next-generation heart bypass grafts to naturally restore cardiovascular function.","See call details","","",""
"eu-50133487","EU Portal","Horizon Europe","Call 02 - single stage (2026)","HORIZON-CL6-2026-02","","2026-04-14","2026-04-14","https://ec.europa.eu/info/funding-tenders/opportunities/portal/screen/opportunities/topic-details/HORIZON-CL6-2026-02-FARM2FORK-09","1.58","2.63","0.0","Cardiovascular","False","","Sustainable and healthy diets for cardiovascular diseases prevention with the support of digital applications","See call details","{'budgetYearsColumns': ['2026'], 'budgetTopicActionMap': {'112993': [{'action': 'HORIZON-CL6-2026-02-COMMUNITIES-01 - HORIZON-RIA HORIZON  Research and Innovation Actions', 'expectedGrants': 2, 'minCo","","HORIZON-CL6-2026-02-FARM2FORK-09"
"eu-43332642101162928","EU Portal","EU4Health","Mental Health Together","EU4H-2023-JA-2-IBA","","","","https://ec.europa.eu/info/funding-tenders/opportunities/portal/screen/opportunities/projects-details/43332642/101162928/EU4H","1.58","2.63","0.0","Mental Health","False","","Mental Health Together","See call details","","",""
"eu-PP-2-2-2016","EU Portal","EU Programme","Call for proposals for Pilot Projects","PP-2-2016","","","","https://ec.europa.eu/info/funding-tenders/opportunities/data/topicDetails/PP-2-2-2016.json","1.58","2.63","0.0","Mental Health","False","","Pilot project — Mentally - access to mental health care and improving mental health literacy","See call details","","",""
"eu-43251589101058957","EU Portal","EU Programme","Mental Health Europe – Promoting the rights of persons with mental health problems and psychosocial disabilities","CERV-2021-DISA-OG-FPA","","","","https://ec.europa.eu/info/funding-tenders/opportunities/portal/screen/opportunities/projects-details/43251589/101058957/CERV","1.58","2.63","0.0","Mental Health","False","","Mental Health Europe – Promoting the rights of persons with mental health problems and psychosocial disabilities","See call details","","",""
"eu-HORIZON-EIC-2022-ACCELERATORCHALLENGES-01","EU Portal","EIC","EIC Accelerator 2022","HORIZON-EIC-2022-ACCELERATOR-01","","","","https://ec.europa.eu/info/funding-tenders/opportunities/portal/screen/opportunities/topic-details/HORIZON-EIC-2022-ACCELERATORCHALLENGES-01.json","1.18","1.97","0.0","EU Programmes","False","","EIC Accelerator Challenge: Technologies for Open Strategic Autonomy","See call details","","",""
"eu-HORIZON-EIC-2024-ACCELERATOR-01","EU Portal","EIC","EIC Accelerator 2024 - Short application","HORIZON-EIC-2024-ACCELERATOR-01","","","","https://ec.europa.eu/info/funding-tenders/opportunities/data/topicDetails/HORIZON-EIC-2024-ACCELERATOR-01.json","1.18","1.97","0.0","EU Programmes","False","","EIC Accelerator 2024 - Short application","See call details","","",""
"eu-HORIZON-EIC-2025-ACCELERATOR-01","EU Portal","EIC","EIC Accelerator 2025 - Short application","HORIZON-EIC-2025-ACCELERATOR-01","","","","https://ec.europa.eu/info/funding-tenders/opportunities/portal/screen/opportunities/topic-details/HORIZON-EIC-2025-ACCELERATOR-01.json","1.18","1.97","0.0","EU Programmes","False","","EIC Accelerator 2025 - Short application","See call details","","",""
"eu-HORIZON-EIC-2023-ACCELERATORCHALLENGES-04","EU Portal","EIC","EIC Accelerator 2023","HORIZON-EIC-2023-ACCELERATOR-01","","","","https://ec.europa.eu/info/funding-tenders/opportunities/data/topicDetails/HORIZON-EIC-2023-ACCELERATORCHALLENGES-04.json","1.18","1.97","0.0","EU Programmes","False","","EIC Accelerator Challenge: New European Bauhaus and Architecture, Engineering and Construction digitalisation for decarbonisation","See call details","","",""
"eu-ERC-2024-STG","EU Portal","ERC","Call for Proposals for ERC Starting Grant","ERC-2024-STG","","","","https://ec.europa.eu/info/funding-tenders/opportunities/data/topicDetails/ERC-2024-STG.json","1.18","1.97","0.0","EU Programmes","False","","ERC STARTING GRANTS","See call details","","",""
"eu-HORIZON-MSCA-2024-DN-01-01","EU Portal","MSCA","MSCA Doctoral Networks 2024","HORIZON-MSCA-2024-DN-01","","","","https://ec.europa.eu/info/funding-tenders/opportunities/data/topicDetails/HORIZON-MSCA-2024-DN-01-01.json","1.18","1.97","0.0","EU Programmes","False","","MSCA Doctoral Networks 2024","See call details","","",""
"eu-HORIZON-MSCA-2023-DN-01-01","EU Portal","MSCA","MSCA Doctoral Networks 2023","HORIZON-MSCA-2023-DN-01","","","","https://ec.europa.eu/info/funding-tenders/opportunities/data/topicDetails/HORIZON-MSCA-2023-DN-01-01.json","1.18","1.97","0.0","EU Programmes","False","","MSCA Doctoral Networks 2023","See call details","","",""
"eu-HORIZON-MSCA-2022-DN-01-01","EU Portal","MSCA","MSCA Doctoral Networks 2022","HORIZON-MSCA-2022-DN-01","","","","https://ec.europa.eu/info/funding-tenders/opportunities/data/topicDetails/HORIZON-MSCA-2022-DN-01-01.json","1.18","1.97","0.0","EU Programmes","False","","MSCA Doctoral Networks 2022","See call details","","",""
"eu-HORIZON-MSCA-2021-DN-01-01","EU Portal","MSCA","MSCA Doctoral Networks 2021","HORIZON-MSCA-2021-DN-01","","","","https://ec.europa.eu/info/funding-tenders/opportunities/data/topicDetails/HORIZON-MSCA-2021-DN-01-01.json","1.18","1.97","0.0","EU Programmes","False","","MSCA Doctoral Networks 2021","See call details","","",""
"eu-HORIZON-MSCA-2024-COFUND-01-01","EU Portal","MSCA","MSCA COFUND 2024","HORIZON-MSCA-2024-COFUND-01","","","","https://ec.europa.eu/info/funding-tenders/opportunities/data/topicDetails/HORIZON-MSCA-2024-COFUND-01-01.json","1.18","1.97","0.0","EU Programmes","False","","MSCA COFUND 2024","See call details","","",""
"eu-HORIZON-MSCA-2023-COFUND-01-01","EU Portal","MSCA","MSCA COFUND 2023","HORIZON-MSCA-2023-COFUND-01","","","","https://ec.europa.eu/info/funding-tenders/opportunities/data/topicDetails/HORIZON-MSCA-2023-COFUND-01-01.json","1.18","1.97","0.0","EU Programmes","False","","MSCA COFUND 2023","See call details","","",""
"eu-HORIZON-MSCA-2023-PF-01-01","EU Portal","MSCA","MSCA Postdoctoral Fellowships 2023","HORIZON-MSCA-2023-PF-01","","","","https://ec.europa.eu/info/funding-tenders/opportunities/data/topicDetails/HORIZON-MSCA-2023-PF-01-01.json","1.18","1.97","0.0","EU Programmes","False","","MSCA Postdoctoral Fellowships 2023","See call details","","",""
"eu-HORIZON-MSCA-2022-COFUND-01-01","EU Portal","MSCA","MSCA COFUND 2022","HORIZON-MSCA-2022-COFUND-01","","","","https://ec.europa.eu/info/funding-tenders/opportunities/data/topicDetails/HORIZON-MSCA-2022-COFUND-01-01.json","1.18","1.97","0.0","EU Programmes","False","","MSCA COFUND 2022","See call details","","",""
"eu-HORIZON-MSCA-2022-PF-01-01","EU Portal","MSCA","MSCA Postdoctoral Fellowships 2022","HORIZON-MSCA-2022-PF-01","","","","https://ec.europa.eu/info/funding-tenders/opportunities/data/topicDetails/HORIZON-MSCA-2022-PF-01-01.json","1.18","1.97","0.0","EU Programmes","False","","MSCA Postdoctoral Fellowships 2022","See call details","","",""
"eu-HORIZON-MSCA-2021-COFUND-01-01","EU Portal","MSCA","MSCA COFUND 2021","HORIZON-MSCA-2021-COFUND-01","","","","https://ec.europa.eu/info/funding-tenders/opportunities/data/topicDetails/HORIZON-MSCA-2021-COFUND-01-01.json","1.18","1.97","0.0","EU Programmes","False","","MSCA COFUND 2021","See call details","","",""
"eu-50126974","EU Portal","MSCA","MSCA COFUND 2026","HORIZON-MSCA-2026-COFUND-01","","2026-04-08","2026-04-08","https://ec.europa.eu/info/funding-tenders/opportunities/portal/screen/opportunities/topic-details/HORIZON-MSCA-2026-COFUND-01-01","1.18","1.97","0.0","EU Programmes","False","","MSCA COFUND 2026","See call details","{'budgetYearsColumns': ['2026'], 'budgetTopicActionMap': {'112837': [{'action': 'HORIZON-MSCA-2026-COFUND-01-01 - HORIZON-TMA-MSCA-Cofund-D HORIZON TMA MSCA Cofund Doctoral programme', 'expectedGrants","","HORIZON-MSCA-2026-COFUND-01-01"
"eu-50132976","EU Portal","MSCA","MSCA COFUND 2027","HORIZON-MSCA-2027-COFUND-01","","2027-04-06","2027-04-06","https://ec.europa.eu/info/funding-tenders/opportunities/portal/screen/opportunities/topic-details/HORIZON-MSCA-2027-COFUND-01-01","1.18","1.97","0.0","EU Programmes","False","","MSCA COFUND 2027","See call details","{'budgetYearsColumns': ['2027'], 'budgetTopicActionMap': {'112956': [{'action': 'HORIZON-MSCA-2027-COFUND-01-01 - HORIZON-TMA-MSCA-Cofund-D HORIZON TMA MSCA Cofund Doctoral programme', 'expectedGrants","","HORIZON-MSCA-2027-COFUND-01-01"
"eu-HORIZON-MSCA-2023-SE-01-01","EU Portal","MSCA","MSCA Staff Exchanges 2023","HORIZON-MSCA-2023-SE-01","","","","https://ec.europa.eu/info/funding-tenders/opportunities/data/topicDetails/HORIZON-MSCA-2023-SE-01-01.json","1.18","1.97","0.0","EU Programmes","False","","MSCA Staff Exchanges 2023","See call details","","",""
"eu-HORIZON-MSCA-2022-SE-01-01","EU Portal","MSCA","MSCA Staff Exchanges 2022","HORIZON-MSCA-2022-SE-01","","","","https://ec.europa.eu/info/funding-tenders/opportunities/data/topicDetails/HORIZON-MSCA-2022-SE-01-01.json","1.18","1.97","0.0","EU Programmes","False","","MSCA Staff Exchanges 2022","See call details","","",""
"eu-HORIZON-MSCA-2021-SE-01-01","EU Portal","MSCA","MSCA Staff Exchanges 2021","HORIZON-MSCA-2021-SE-01","","","","https://ec.europa.eu/info/funding-tenders/opportunities/data/topicDetails/HORIZON-MSCA-2021-SE-01-01.json","1.18","1.97","0.0","EU Programmes","False","","MSCA Staff Exchanges 2021","See call details","","",""
"eu-49929087","EU Portal","IHI","Innovative Health Initiative JU Call 12","HORIZON-JU-IHI-2026-12-SINGLE-STAGE","","2026-04-21","2026-04-21","https://ec.europa.eu/info/funding-tenders/opportunities/portal/screen/opportunities/topic-details/HORIZON-JU-IHI-2026-12-SINGLE-STAGE-05","1.18","1.97","0.0","EU Programmes","False","","Boosting innovation for better assessment of the added value of innovative integrated healthcare solutions","See call details","{'budgetYearsColumns': ['2026'], 'budgetTopicActionMap': {'112629': [{'action': 'HORIZON-JU-IHI-2026-12-SINGLE-STAGE-05 - HORIZON-JU-RIA HORIZON JU Research and Innovation Actions', 'expectedGrants': ","","HORIZON-JU-IHI-2026-12-SINGLE-STAGE-05"
"eu-HORIZON-JU-IHI-2025-09-05-single-stage","EU Portal","IHI","Innovative Health Initiative JU Call 9","HORIZON-JU-IHI-2025-09-single-stage","","","","https://ec.europa.eu/info/funding-tenders/opportunities/data/topicDetails/HORIZON-JU-IHI-2025-09-05-single-stage.json","1.18","1.97","0.0","EU Programmes","False","","Boosting innovation for better assessment of the added value of innovative integrated healthcare solutions","See call details","","",""
"eu-HORIZON-JU-IHI-2023-04-01-two-stage","EU Portal","IHI","Innovative Health Initiative JU Call 4","HORIZON-JU-IHI-2023-04-two-stage","","","","https://ec.europa.eu/info/funding-tenders/opportunities/data/topicDetails/HORIZON-JU-IHI-2023-04-01-two-stage.json","1.18","1.97","0.0","EU Programmes","False","","Expanding translational knowledge in minipigs: a path to reduce and replace non-human primates in non-clinical safety assessment","See call details","","",""
"eu-HORIZON-JU-IHI-2023-05-01","EU Portal","IHI","Innovative Health Initiative JU Call 5","HORIZON-JU-IHI-2023-05","","","","https://ec.europa.eu/info/funding-tenders/opportunities/data/topicDetails/HORIZON-JU-IHI-2023-05-01.json","1.18","1.97","0.0","EU Programmes","False","","Accelerating the implementation of New Approach Methodologies and other innovative non-animal approaches for the development, testing and production of health technologies","See call details","","",""
"eu-HORIZON-JU-IHI-2024-08-03-two-stage","EU Portal","IHI","Innovative Health Initiative JU Call 8","HORIZON-JU-IHI-2024-08-two-stage","","","","https://ec.europa.eu/info/funding-tenders/opportunities/data/topicDetails/HORIZON-JU-IHI-2024-08-03-two-stage.json","1.18","1.97","0.0","EU Programmes","False","","Modelling regulatory sandbox mechanisms and enabling their deployment to support breakthrough innovation","See call details","","",""
"eu-HORIZON-JU-GH-EDCTP3-2025-02-FELLOW-01-two-stage","EU Portal","Horizon Europe","HORIZON-JU-GH-EDCTP3-2025-02-two-stage","HORIZON-JU-GH-EDCTP3-2025-02-two-stage","","","","https://ec.europa.eu/info/funding-tenders/opportunities/portal/screen/opportunities/topic-details/HORIZON-JU-GH-EDCTP3-2025-02-FELLOW-01-two-stage.json","1.18","1.97","0.0","Public Health","False","","Global Health EDCTP3 JU and contributing partners funded Strategic Training Hubs for Fellowships in Public Health covering Biostatistics, Epidemiology and Modelling","See call details","","",""
